Author,Year,Title,Alloy(at. fraction),Preparation,anneal_temperature,anneal_time,Al,Nb,Ti,V,Zr,Cr,Mo,Hf,Ta,W,x(Al),x(Nb),x(Ti),x(V),x(Zr),x(Cr),x(Mo),x(Hf),x(Ta),x(W),Phase,Phase_content,Density_error,test_temperature,strain_rate,C(0)/T(1),Density,YS,YS_error,UTS,UTS_error,EL,EL_error,SYS,HV,HV_error
Wentao Jiang,2022,A lightweight Al0.8Nb0.5Ti2V2Zr0.5 refractory high entropy alloy with high specific yield strength,Al0.8Nb0.5Ti2V2Zr0.5,AM,0,0,0.8,0.5,2,2,0.5,0,0,0,0,0,13.79,8.62,34.48,34.48,8.62,0,0,0,0,0,2,bcc_A2+Laves(C14),0,25,0.001,0,5.35,1418,35,1617,0,17.9,0,265.05,0,0
X.W. Liu,2021,A novel light-weight refractory high-entropy alloy with high specific strength and intrinsic deformability,AlNb2TiV,AM,0,0,1,2,1,1,0,0,0,0,0,0,20,40,20,20,0,0,0,0,0,0,4,bcc_B2,0,25,0.001,0,6.19,1043,0,0,0,50,0,168.5,0,0
DongXu Qiao,2019,A Novel Series of Refractory High-Entropy Alloys Ti2ZrHf0.5VNbx with High Specific Yield Strength and Good Ductility,Ti2ZrHf0.5VNb,AM,0,0,0,1,2,1,1,0,0,0.5,0,0,0,18.18,36.36,18.18,18.18,0,0,9.09,0,0,1,bcc_A2,0,25,0.001,0,6.84,980,0,0,0,50,0,143.27,310.4,0
DongXu Qiao,2019,A Novel Series of Refractory High-Entropy Alloys Ti2ZrHf0.5VNbx with High Specific Yield Strength and Good Ductility,Ti2ZrHf0.5VNb0.75,AM,0,0,0,0.75,2,1,1,0,0,0.5,0,0,0,14.29,38.1,19.05,19.05,0,0,9.52,0,0,1,bcc_A2,0,25,0.001,0,6.77,1025,0,0,0,50,0,151.4,318.9,0
DongXu Qiao,2019,A Novel Series of Refractory High-Entropy Alloys Ti2ZrHf0.5VNbx with High Specific Yield Strength and Good Ductility,Ti2ZrHf0.5VNb0.5,AM,0,0,0,0.5,2,1,1,0,0,0.5,0,0,0,10,40,20,20,0,0,10,0,0,1,bcc_A2,0,25,0.001,0,6.66,1065,0,0,0,50,0,159.91,322.5,0
DongXu Qiao,2019,A Novel Series of Refractory High-Entropy Alloys Ti2ZrHf0.5VNbx with High Specific Yield Strength and Good Ductility,Ti2ZrHf0.5VNb0.25,AM,0,0,0,0.25,2,1,1,0,0,0.5,0,0,0,5.26,42.11,21.05,21.05,0,0,10.53,0,0,1,bcc_A2,0,25,0.001,0,6.57,1115,0,0,0,50,0,169.71,332.4,0
DongXu Qiao,2019,A Novel Series of Refractory High-Entropy Alloys Ti2ZrHf0.5VNbx with High Specific Yield Strength and Good Ductility,Ti2ZrHf0.5V,AM,0,0,0,0,2,1,1,0,0,0.5,0,0,0,0,44.44,22.22,22.22,0,0,11.11,0,0,1,bcc_A2,0,25,0.001,0,6.47,1160,0,0,0,50,0,179.29,338.3,0
Yiwen Chen,2020,A single-phase V0.5Nb0.5ZrTi refractory high-entropy alloy with outstanding tensile properties,V0.5Nb0.5ZrTi,AM,0,0,0,0.5,1,0.5,1,0,0,0,0,0,0,16.67,33.33,16.67,33.33,0,0,0,0,0,1,bcc_A2,0,25,0.001,1,6.1,830,0,0,0,20.4,0,136.07,0,0
Yiwen Chen,2020,A single-phase V0.5Nb0.5ZrTi refractory high-entropy alloy with outstanding tensile properties,V0.5Nb0.5ZrTi,AM,1150,24,0,0.5,1,0.5,1,0,0,0,0,0,0,16.67,33.33,16.67,33.33,0,0,0,0,0,1,bcc_A2,0,25,0.001,1,6.1,785,0,0,0,24.5,0,128.69,0,0
Chao Xu,2024,Achieving excellent strength and ductility of Ti2ZrNbHfVx?refractory high-entropy alloys by V addition,Ti2ZrNbHfV0.2,AM,0,0,0,1,2,0.2,1,0,0,1,0,0,0,19.23,38.46,3.85,19.23,0,0,19.23,0,0,1,bcc_A2,0,25,0.001,0,7.66,709.89,0,0,0,50,0,92.676809,251.7,0
Chao Xu,2024,Achieving excellent strength and ductility of Ti2ZrNbHfVx?refractory high-entropy alloys by V addition,Ti2ZrNbHfV0.2,AM,0,0,0,1,2,0.2,1,0,0,1,0,0,0,19.23,38.46,3.85,19.23,0,0,19.23,0,0,1,bcc_A2,0,25,0.001,1,7.66,536,0,0,0,9.7,0,69.97530551,0,0
Chao Xu,2024,Achieving excellent strength and ductility of Ti3ZrNbHfVx?refractory high-entropy alloys by V addition,Ti2ZrNbHfV0.4,AM,0,0,0,1,2,0.4,1,0,0,1,0,0,0,18.52,37.04,7.41,18.52,0,0,18.52,0,0,1,bcc_A2,0,25,0.001,0,7.62,826.61,0,0,0,50,0,108.4972908,262.36,0
Chao Xu,2024,Achieving excellent strength and ductility of Ti3ZrNbHfVx?refractory high-entropy alloys by V addition,Ti2ZrNbHfV0.4,AM,0,0,0,1,2,0.4,1,0,0,1,0,0,0,18.52,37.04,7.41,18.52,0,0,18.52,0,0,1,bcc_A2,0,25,0.001,1,7.62,629,0,0,0,9.6,0,82.55984792,0,0
Chao Xu,2024,Achieving excellent strength and ductility of Ti4ZrNbHfVx?refractory high-entropy alloys by V addition,Ti2ZrNbHfV0.6,AM,0,0,0,1,2,0.6,1,0,0,1,0,0,0,17.86,35.71,10.71,17.86,0,0,17.86,0,0,1,bcc_A2,0,25,0.001,0,7.58,859.51,0,0,0,50,0,113.3961197,284.1,0
Chao Xu,2024,Achieving excellent strength and ductility of Ti4ZrNbHfVx?refractory high-entropy alloys by V addition,Ti2ZrNbHfV0.6,AM,0,0,0,1,2,0.6,1,0,0,1,0,0,0,17.86,35.71,10.71,17.86,0,0,17.86,0,0,1,bcc_A2,0,25,0.001,1,7.58,691,0,0,0,11.4,0,91.16440613,0,0
Chao Xu,2024,Achieving excellent strength and ductility of Ti5ZrNbHfVx?refractory high-entropy alloys by V addition,Ti2ZrNbHfV0.8,AM,0,0,0,1,2,0.8,1,0,0,1,0,0,0,17.24,34.48,13.79,17.24,0,0,17.24,0,0,1,bcc_A2,0,25,0.001,0,7.54,946.52,0,0,0,50,0,125.4886291,296.6,0
Chao Xu,2024,Achieving excellent strength and ductility of Ti5ZrNbHfVx?refractory high-entropy alloys by V addition,Ti2ZrNbHfV0.8,AM,0,0,0,1,2,0.8,1,0,0,1,0,0,0,17.24,34.48,13.79,17.24,0,0,17.24,0,0,1,bcc_A2,0,25,0.001,1,7.54,836,0,0,0,10.2,0,110.8360034,0,0
Chao Xu,2024,Achieving excellent strength and ductility of Ti6ZrNbHfVx?refractory high-entropy alloys by V addition,Ti2ZrNbHfV,AM,0,0,0,1,2,1,1,0,0,1,0,0,0,16.67,33.33,16.67,16.67,0,0,16.67,0,0,1,bcc_A2,0,25,0.001,0,7.51,1007.84,0,0,0,50,0,134.2451543,328.8,0
Chao Xu,2024,Achieving excellent strength and ductility of Ti6ZrNbHfVx?refractory high-entropy alloys by V addition,Ti2ZrNbHfV,AM,0,0,0,1,2,1,1,0,0,1,0,0,0,16.67,33.33,16.67,16.67,0,0,16.67,0,0,1,bcc_A2,0,25,0.001,1,7.51,935,0,0,0,8.8,0,124.5428037,0,0
Chi Jin,2024,Achieving excellent strength-ductility balance in the lightweight refractory high-entropy alloy by incorporating aluminum,Ti40Zr35Nb10Ta10Al5,AM,0,0,5,10,40,0,35,0,0,0,10,0,5,10,40,0,35,0,0,0,10,0,3,bcc_A2+bcc_B2,0,25,0.0002,1,6.75,1005,0,1025,0,11.8,0,148.8459067,311,0
Chi Jin,2024,Achieving excellent strength-ductility balance in the lightweight refractory high-entropy alloy by incorporating aluminum,Ti40Zr32Nb10Ta10Al8,AM,0,0,8,10,40,0,32,0,0,0,10,0,8,10,40,0,32,0,0,0,10,0,3,bcc_A2+bcc_B2,0,25,0.0002,1,6.66,1030,0,1041,0,13.4,0,154.7295732,316,0
Chi Jin,2024,Achieving excellent strength-ductility balance in the lightweight refractory high-entropy alloy by incorporating aluminum,Ti40Zr30Nb10Ta10Al10,AM,0,0,10,10,40,0,30,0,0,0,10,0,10,10,40,0,30,0,0,0,10,0,3,bcc_A2+bcc_B2,0,25,0.0002,1,6.59,1107,0,1129,0,10.5,0,167.924992,326,0
Rui Huang,2020,AlNbZr,Al6Nb31Ti26V11Zr26,AM,0,0,6,31,26,11,26,0,0,0,0,0,6,31,26,11,26,0,0,0,0,0,1,bcc_A2,0,25,0.001,0,6.4,1139,0,0,0,50,0,178.0021936,0,0
Rui Huang,2020,AlNbZr,Al6Nb31Ti28V9Zr26,AM,0,0,6,31,28,9,26,0,0,0,0,0,6,31,28,9,26,0,0,0,0,0,1,bcc_A2,0,25,0.001,0,6.37,1122,0,0,0,50,0,176.2051221,0,0
Rui Huang,2020,AlNbZr,Al6Nb31Ti30V7Zr26,AM,0,0,6,31,30,7,26,0,0,0,0,0,6,31,30,7,26,0,0,0,0,0,1,bcc_A2,0,25,0.001,0,6.34,1084,0,0,0,50,0,171.0693745,0,0
Rui Huang,2020,AlNbZr,Al6Nb31Ti32V5Zr26,AM,0,0,6,31,32,5,26,0,0,0,0,0,6,31,32,5,26,0,0,0,0,0,1,bcc_A2,0,25,0.001,0,6.31,1020,0,0,0,50,0,161.7535419,0,0
Rui Huang,2020,AlNbZr,Al6Nb31Ti34V3Zr26,AM,0,0,6,31,34,3,26,0,0,0,0,0,6,31,34,3,26,0,0,0,0,0,1,bcc_A2,0,25,0.001,0,6.28,951,0,0,0,50,0,151.5437995,0,0
N.D. Stepanov,2015,An AlNbTiVZr0.5 high-entropy alloy combining high specific strength and good ductility,AlNbTiVZr0.5,AM,1200,24,1,1,1,1,0.5,0,0,0,0,0,22.22,22.22,22.22,22.22,11.11,0,0,0,0,0,2,bcc_A2+Laves(C14)+Zr2Al,0,25,0.0001,0,5.64,1480,0,0,0,50,0,262.41,0,0
Fei Wang,2023,Design crystallographic ordering in NbTa0.5TiAlx?refractory high entropy alloys with strength-plasticity synergy,NbTa0.5TiAl0.8,AM,0,0,0.8,1,1,0,0,0,0,0,1,0,21.05,26.32,26.32,0,0,0,0,0,26.32,0,3,bcc_A2+bcc_B2,0,25,0.001,0,8.52,1140,0,0,0,25,0,133.831821,0,0
Z.Q. Xu,2019,Design of novel low-density refractory high entropy alloys for high-temperature applications,Ti40Al10V20Nb20Mo10,AM,0,0,10,20,40,20,0,0,10,0,0,0,10,20,40,20,0,0,10,0,0,0,1,bcc_A2,0,25,0.001,0,6.1,900,0,0,0,50,0,147.54,0,0
Z.Q. Xu,2019,Design of novel low-density refractory high entropy alloys for high-temperature applications,Ti35Al15V20Nb20Mo10,AM,0,0,15,20,35,20,0,0,10,0,0,0,15,20,35,20,0,0,10,0,0,0,1,bcc_A2,0,25,0.001,0,6.03,971,0,0,0,50,0,161.03,0,0
Z.Q. Xu,2019,Design of novel low-density refractory high entropy alloys for high-temperature applications,Ti30Al20V20Nb20Mo10,AM,0,0,20,20,30,20,0,0,10,0,0,0,20,20,30,20,0,0,10,0,0,0,1,bcc_A2,0,25,0.001,0,5.88,1187,0,0,0,10,0,201.87,0,0
Kangjin Lee,2021,"Development of Precipitation-Strengthened Al0.8NbTiVM (M = Co, Ni) Light-Weight Refractory High-Entropy Alloys",Al0.4NbTiV,AM,0,0,0.4,1,1,1,0,0,0,0,0,0,11.76,29.41,29.41,29.41,0,0,0,0,0,0,1,bcc_A2,0,25,0.001,0,5.96,928,12,0,0,30,0,155.7,0,0
Kangjin Lee,2021,"Development of Precipitation-Strengthened Al0.8NbTiVM (M = Co, Ni) Light-Weight Refractory High-Entropy Alloys",Al0.8NbTiV,AM,0,0,0.8,1,1,1,0,0,0,0,0,0,21.05,26.32,26.32,26.32,0,0,0,0,0,0,1,bcc_A2,0,25,0.001,0,5.61,1133,72,0,0,30,0,201.96,0,0
Kangjin Lee,2021,"Development of Precipitation-Strengthened Al0.8NbTiVM (M = Co, Ni) Light-Weight Refractory High-Entropy Alloys",AlNbTiV,AM,0,0,1,1,1,1,0,0,0,0,0,0,25,25,25,25,0,0,0,0,0,0,1,bcc_A2,0,25,0.001,0,5.59,1379,47,0,0,20.9,4.9,246.69,0,0
Zhangquan Liu,2023,Development of Refractory High Entropy Alloys with Tensile Ductility at Room Temperature,?(TiZr)0.8(NbTaV)0.2,AM,0,0,0,0.066666667,0.4,0.066666667,0.4,0,0,0,0.066666667,0,0,6.67,40,6.67,40,0,0,0,6.67,0,2,bcc_A2+hcp,0,25,0.0005,0,6.52,845,0,0,0,50,0,129.5990921,0,0
Zhangquan Liu,2023,Development of Refractory High Entropy Alloys with Tensile Ductility at Room Temperature,?(TiZr)0.8(NbTaV)0.2,AM,0,0,0,0.066666667,0.4,0.066666667,0.4,0,0,0,0.066666667,0,0,6.67,40,6.67,40,0,0,0,6.67,0,2,bcc_A2+hcp,0,25,0.0005,1,6.52,847,0,0,0,8.5,0,129.9058355,0,0
Zhangquan Liu,2023,Development of Refractory High Entropy Alloys with Tensile Ductility at Room Temperature,?(TiZr)0.4(NbTaV)0.6,AM,0,0,0,0.2,0.2,0.2,0.2,0,0,0,0.2,0,0,20,20,20,20,0,0,0,20,0,1,bcc_A2,0,25,0.0005,0,8.49,1162,0,0,0,15.5,0,136.9105821,0,0
Zhangquan Liu,2023,Development of Refractory High Entropy Alloys with Tensile Ductility at Room Temperature,?(TiZr)0.6(NbTaV)0.4,AM,0,0,0,0.133333333,0.3,0.133333333,0.3,0,0,0,0.133333333,0,0,13.33,30,13.33,30,0,0,0,13.33,0,1,bcc_A2,0,25,0.0005,0,7.46,878,0,0,0,28.7,0,117.6331155,0,0
Wen Wang,2018,Effect of Al addition on structural evolution and mechanical properties of the AlxHfNbTiZr high-entropy alloys,Al0.75HfNbTiZr,AM,0,0,0.75,1,1,0,1,0,0,1,0,0,15.79,21.05,21.05,0,21.05,0,0,21.05,0,0,3,bcc_A2+bcc_B2,0,25,0.0008,0,7.5,1331,0,2771,0,50,0,177.47,412,8
Wen Wang,2018,Effect of Al addition on structural evolution and mechanical properties of the AlxHfNbTiZr high-entropy alloys,AlHfNbTiZr,AM,0,0,1,1,1,0,1,0,0,1,0,0,20,20,20,0,20,0,0,20,0,0,3,bcc_A2+bcc_B2,0,25,0.0008,0,7.2,1582,0,2184,0,33,0,219.72,452,11
Wen Wang,2018,Effect of Al addition on structural evolution and mechanical properties of the AlxHfNbTiZr high-entropy alloys,Al1.25HfNbTiZr,AM,0,0,1.25,1,1,0,1,0,0,1,0,0,23.81,19.05,19.05,0,19.05,0,0,19.05,0,0,3,bcc_A2+bcc_B2,0,25,0.0008,0,7,1620,0,1754,0,17,0,231.43,496,9
Wen Wang,2018,Effect of Al addition on structural evolution and mechanical properties of the AlxHfNbTiZr high-entropy alloys,Al1.5HfNbTiZr,AM,0,0,1.5,1,1,0,1,0,0,1,0,0,27.27,18.18,18.18,0,18.18,0,0,18.18,0,0,3,bcc_A2+bcc_B2,0,25,0.0008,0,6.86,1746,0,1864,0,11,0,254.52,527,8
Wen Wang,2018,Effect of Al addition on structural evolution and mechanical properties of the AlxHfNbTiZr high-entropy alloys,Al0.5HfNbTiZr,AM,0,0,0.5,1,1,0,1,0,0,1,0,0,11.11,22.22,22.22,0,22.22,0,0,22.22,0,0,1,bcc_A2,0,25,0.0008,0,7.7,1120,0,0,0,50,0,145.45,338,6
Sishuo Chen,2024,Effect of Al content on microstructure and mechanical propertiesof Alx(Nb3TaTi3Zr)100-x refractory high-entropy alloys,Al20(Nb3TaTi3Zr)80,AM,0,0,20,30,30,0,10,0,0,0,10,0,20,30,30,0,10,0,0,0,10,0,3,bcc_A2+bcc_B2,0,25,0.001,0,6.85,1139,0,0,0,12.55,0,166.2218378,382,0
Sishuo Chen,2024,Effect of Al content on microstructure and mechanical propertiesof Alx(Nb3TaTi3Zr)100-x refractory high-entropy alloys,Al25(Nb3TaTi3Zr)75,AM,0,0,25,28.125,28.125,0,9.375,0,0,0,9.375,0,25,28.13,28.13,0,9.38,0,0,0,9.38,0,3,bcc_A2+bcc_B2,0,25,0.001,0,6.61,1400,0,0,0,2.5,0,211.6855961,438,0
Sishuo Chen,2024,Effect of Al content on microstructure and mechanical propertiesof Alx(Nb3TaTi3Zr)100-x refractory high-entropy alloys,Nb3TaTi3Zr,AM,0,0,0,37.5,37.5,0,12.5,0,0,0,12.5,0,0,37.5,37.5,0,12.5,0,0,0,12.5,0,1,bcc_A2,0,25,0.001,0,7.78,729,0,0,0,50,0,93.67462262,247,0
Sishuo Chen,2024,Effect of Al content on microstructure and mechanical propertiesof Alx(Nb3TaTi3Zr)100-x refractory high-entropy alloys,Al5(Nb3TaTi3Zr)95,AM,0,0,5,35.625,35.625,0,11.875,0,0,0,11.875,0,5,35.63,35.63,0,11.88,0,0,0,11.88,0,1,bcc_A2,0,25,0.001,0,7.55,858,0,0,0,50,0,113.590994,294,0
Sishuo Chen,2024,Effect of Al content on microstructure and mechanical propertiesof Alx(Nb3TaTi3Zr)100-x refractory high-entropy alloys,Al10(Nb3TaTi3Zr)90,AM,0,0,10,33.75,33.75,0,11.25,0,0,0,11.25,0,10,33.75,33.75,0,11.25,0,0,0,11.25,0,1,bcc_A2,0,25,0.001,0,7.32,951,0,0,0,50,0,129.8795994,365,0
Sishuo Chen,2024,Effect of Al content on microstructure and mechanical propertiesof Alx(Nb3TaTi3Zr)100-x refractory high-entropy alloys,Al15(Nb3TaTi3Zr)85,AM,0,0,15,31.875,31.875,0,10.625,0,0,0,10.625,0,15,31.88,31.88,0,10.63,0,0,0,10.63,0,1,bcc_A2,0,25,0.001,0,7.09,1057,0,0,0,50,0,149.1153931,371,0
Rongbin Li,2024,Effect of Al Content on Microstructure and Properties of AlxCr0.2NbTiV Refractory High-Entropy Alloys,Al0.2Cr0.2NbTiV,AM,0,0,0.2,1,1,1,0,0.2,0,0,0,0,5.88,29.41,29.41,29.41,0,5.88,0,0,0,0,1,bcc_A2,0,25,0.001,0,6.24,978.3,0,1199.5,0,30,0,156.72,380.4,10
Rongbin Li,2024,Effect of Al Content on Microstructure and Properties of AlxCr0.2NbTiV Refractory High-Entropy Alloys,Al0.5Cr0.2NbTiV,AM,0,0,0.5,1,1,1,0,0.2,0,0,0,0,13.51,27.03,27.03,27.03,0,5.41,0,0,0,0,1,bcc_A2,0,25,0.001,0,5.95,951.3,0,1226.6,0,30,0,159.9,390.3,8
Rongbin Li,2024,Effect of Al Content on Microstructure and Properties of AlxCr0.2NbTiV Refractory High-Entropy Alloys,Al0.8Cr0.2NbTiV,AM,0,0,0.8,1,1,1,0,0.2,0,0,0,0,20,25,25,25,0,5,0,0,0,0,1,bcc_A2,0,25,0.001,0,5.7,1040,0,1209.5,0,14.5,0,182.43,408.3,12
N.Yu. Yurchenko,2016,Effect of Al content on structure and mechanical properties of the AlxCrNbTiVZr (x=0; 0.25; 0.5; 1) high-entropy alloys,CrNbTiVZr,AM,1200,24,0,1,1,1,1,1,0,0,0,0,0,20,20,20,20,20,0,0,0,0,2,bcc_A2+Laves(C15),0,25,0.0001,0,6.59,1260,0,1270,0,0.2,0,191.2,520,10
N.Yu. Yurchenko,2016,Effect of Al content on structure and mechanical properties of the AlxCrNbTiVZr (x=0; 0.25; 0.5; 1) high-entropy alloys,Al0.25CrNbTiVZr,AM,1200,24,0.25,1,1,1,1,1,0,0,0,0,4.76,19.05,19.05,19.05,19.05,19.05,0,0,0,0,2,bcc_A2+Laves(ZrCrAl)+Laves(ZrAl2),0,25,0.0001,0,6.5,1095,0,1095,0,0,0,168.46,650,35
N.Yu. Yurchenko,2016,Effect of Al content on structure and mechanical properties of the AlxCrNbTiVZr (x=0; 0.25; 0.5; 1) high-entropy alloys,Al0.5CrNbTiVZr,AM,1200,24,0.5,1,1,1,1,1,0,0,0,0,9.09,18.18,18.18,18.18,18.18,18.18,0,0,0,0,2,bcc_A2+Laves(ZrCrAl)+Laves(ZrAl2),0,25,0.0001,0,6.39,1630,0,1630,0,0,0,255.09,660,20
Wentao Jiang,2023,Effect of Al on microstructure and mechanical properties of lightweight AlxNb0.5TiV2Zr0.5 refractory high entropy alloys,Al0.2Nb0.5V2Zr0.5,AM,0,0,0.2,0.5,1,2,0.5,0,0,0,0,0,4.76,11.9,23.81,47.62,11.9,0,0,0,0,0,2,bcc_A2+Laves(C14),0.03,25,0.001,0,5.96,1216,19,1641,21,21.5,1.1,204.03,481.8,0
Wentao Jiang,2023,Effect of Al on microstructure and mechanical properties of lightweight AlxNb0.5TiV2Zr0.5 refractory high entropy alloys,Al0.4Nb0.5V2Zr0.5,AM,0,0,0.4,0.5,1,2,0.5,0,0,0,0,0,9.09,11.36,22.73,45.45,11.36,0,0,0,0,0,2,bcc_A2+Laves(C14),0.04,25,0.001,0,5.8,1663,26,1845,57,13.7,2.1,286.72,561.2,0
Wentao Jiang,2023,Effect of Al on microstructure and mechanical properties of lightweight AlxNb0.5TiV2Zr0.5 refractory high entropy alloys,Al0.6Nb0.5V2Zr0.5,AM,0,0,0.6,0.5,1,2,0.5,0,0,0,0,0,13.04,10.87,21.74,43.48,10.87,0,0,0,0,0,2,bcc_A2+Laves(C14),0.06,25,0.001,0,5.67,1727,15,1861,14,14.3,1.5,304.59,594.1,0
Wentao Jiang,2023,Effect of Al on microstructure and mechanical properties of lightweight AlxNb0.5TiV2Zr0.5 refractory high entropy alloys,Al0.8Nb0.5V2Zr0.5,AM,0,0,0.6,0.5,1,2,0.5,0,0,0,0,0,13.04,10.87,21.74,43.48,10.87,0,0,0,0,0,2,bcc_A2+Laves(C14),0.09,25,0.001,0,5.53,1723,26,1938,55,14.8,1.4,311.57,639.2,0
Wentao Jiang,2023,Effect of Al on microstructure and mechanical properties of lightweight AlxNb0.5TiV2Zr0.5 refractory high entropy alloys,AlNb0.5V2Zr0.5,AM,0,0,1,0.5,1,2,0.5,0,0,0,0,0,20,10,20,40,10,0,0,0,0,0,2,bcc_A2+Laves(C14),0.06,25,0.001,0,5.43,1695,11,1761,21,16.6,2.4,312.15,641.9,0
N. D. Stepanov,2015,"Effect of Al on structure and mechanical properties of AlxNbTiVZr (x?=?0, 0.5, 1, 1.5) high entropy alloys",NbTiVZr,AM,1200,24,0,1,1,1,1,0,0,0,0,0,0,25,25,25,25,0,0,0,0,0,2,bcc_A2+Laves(C14),0,25,0.001,0,6.49,1320,0,1470,0,4.2,0,203.39,460,10
N. D. Stepanov,2015,"Effect of Al on structure and mechanical properties of AlxNbTiVZr (x?=?0, 0.5, 1, 1.5) high entropy alloys",NbTiVZrAl0.5,AM,1200,24,0.5,1,1,1,1,0,0,0,0,0,11.11,22.22,22.22,22.22,22.22,0,0,0,0,0,2,bcc_A2+Laves(C14),0,25,0.001,0,6.04,960,0,1100,0,4,0,158.94,500,20
N. D. Stepanov,2015,"Effect of Al on structure and mechanical properties of AlxNbTiVZr (x?=?0, 0.5, 1, 1.5) high entropy alloys",NbTiVZrAl,AM,1200,24,1,1,1,1,1,0,0,0,0,0,20,20,20,20,20,0,0,0,0,0,2,bcc_A2+Laves(C14)+Zr2Al,0,25,0.001,0,5.79,1080,0,1210,0,2.3,0,186.53,550,20
N. D. Stepanov,2015,"Effect of Al on structure and mechanical properties of AlxNbTiVZr (x?=?0, 0.5, 1, 1.5) high entropy alloys",NbTiVZrAl1.5,AM,1200,24,1.5,1,1,1,1,0,0,0,0,0,27.27,18.18,18.18,18.18,18.18,0,0,0,0,0,2,bcc_A2+Laves(C14)+Zr2Al,0,25,0.001,0,5.55,1310,0,1310,0,0,0,236.04,630,30
Chaojie Liang,2024,"Effect of Al on the microstructure, mechanical properties, and wear resistance of TiVZrNbAlx?alloys",Ti42V28Zr15Nb15,AM,0,0,0,15,42,28,15,0,0,0,0,0,0,15,42,28,15,0,0,0,0,0,1,bcc_A2,0,25,0.001,1,5.89,842,0,0,0,8,0,142.9336086,0,0
Chaojie Liang,2024,"Effect of Al on the microstructure, mechanical properties, and wear resistance of TiVZrNbAlx?alloys",Ti39.9V26.6Zr14.25Nb14.25Al5,AM,0,0,5,14.25,39.9,26.6,14.25,0,0,0,0,0,5,14.25,39.9,26.6,14.25,0,0,0,0,0,1,bcc_A2,0,25,0.001,1,5.74,865,0,0,0,6.5,0,150.7246205,0,0
Chaojie Liang,2024,"Effect of Al on the microstructure, mechanical properties, and wear resistance of TiVZrNbAlx?alloys",Ti37.8V25.2Zr13.5Nb13.5Al10,AM,0,0,10,13.5,37.8,25.2,13.5,0,0,0,0,0,10,13.5,37.8,25.2,13.5,0,0,0,0,0,1,bcc_A2,0,25,0.001,1,5.59,1050,0,0,0,2.1,0,187.9607866,0,0
N.Yu. Yurchenko,2018,Effect of Cr and Zr on phase stability of refractory Al-Cr-Nb-Ti-V-Zr high-entropy alloys,AlNbTiVZr,AM,1200,24,1,1,1,1,1,0,0,0,0,0,20,20,20,20,20,0,0,0,0,0,5,bcc_B2+Laves(C14)+Zr5Al3,0,25,0.0001,0,5.77,1500,0,1675,0,3.2,0,259.97,550,0
N.Yu. Yurchenko,2018,Effect of Cr and Zr on phase stability of refractory Al-Cr-Nb-Ti-V-Zr high-entropy alloys,AlCrNbTiV,AM,1200,24,1,1,1,1,0,1,0,0,0,0,20,20,20,20,0,20,0,0,0,0,5,bcc_B2+Laves(C14),0,25,0.0001,0,5.76,1550,0,1570,0,0.4,0,269.1,593,0
N.Yu. Yurchenko,2018,Effect of Cr and Zr on phase stability of refractory Al-Cr-Nb-Ti-V-Zr high-entropy alloys,AlNbTiVZr0.5,AM,1200,24,1,1,1,1,0.5,0,0,0,0,0,22.22,22.22,22.22,22.22,11.11,0,0,0,0,0,5,bcc_B2+Laves(C14)+Zr5Al3,0,25,0.0001,0,5.66,1485,0,0,0,50,0,262.37,489,0
N.Yu. Yurchenko,2018,Effect of Cr and Zr on phase stability of refractory Al-Cr-Nb-Ti-V-Zr high-entropy alloys,AlNbTiV,AM,1200,24,1,1,1,1,0,0,0,0,0,0,25,25,25,25,0,0,0,0,0,0,4,bcc_B2,0,25,0.0001,0,5.74,1000,0,1280,0,6,0,174.22,450,0
N.Yu. Yurchenko,2018,Effect of Cr and Zr on phase stability of refractory Al-Cr-Nb-Ti-V-Zr high-entropy alloys,AlCr0.5NbTiV,AM,1200,24,1,1,1,1,0,0.5,0,0,0,0,22.22,22.22,22.22,22.22,0,11.11,0,0,0,0,4,bcc_B2,0,25,0.0001,0,5.64,1300,0,1430,0,0.8,0,230.5,531,0
Doan Dinh Phuong,2023,Effect of Hf Concentration on the Microstructure and Room Temperature Mechanical Properties of Light-Weight TiVZrNbHfx?(x = 0-1.0) Refractory High Entropy Alloys,TiVZrNbHf,AM,0,0,0,1,1,1,1,0,0,1,0,0,0,20,20,20,20,0,0,20,0,0,1,bcc_A2,0,25,0.0001,0,8.06,1291.8,0,0,0,18.1,0,160.1878596,0,0
Doan Dinh Phuong,2023,Effect of Hf Concentration on the Microstructure and Room Temperature Mechanical Properties of Light-Weight TiVZrNbHfx?(x = 0-1.1) Refractory High Entropy Alloys,TiVZrNbHf0.75,AM,0,0,0,1,1,1,1,0,0,0.75,0,0,0,21.05,21.05,21.05,21.05,0,0,15.79,0,0,1,bcc_A2,0,25,0.0001,0,7.74,1228.4,0,0,0,23.2,0,158.7533805,0,0
Doan Dinh Phuong,2023,Effect of Hf Concentration on the Microstructure and Room Temperature Mechanical Properties of Light-Weight TiVZrNbHfx?(x = 0-1.2) Refractory High Entropy Alloys,TiVZrNbHf0.5,AM,0,0,0,1,1,1,1,0,0,0.5,0,0,0,22.22,22.22,22.22,22.22,0,0,11.11,0,0,1,bcc_A2,0,25,0.0001,0,7.37,1063,0,0,0,29.9,0,144.27341,0,0
Doan Dinh Phuong,2023,Effect of Hf Concentration on the Microstructure and Room Temperature Mechanical Properties of Light-Weight TiVZrNbHfx?(x = 0-1.3) Refractory High Entropy Alloys,TiVZrNbHf0.25,AM,0,0,0,1,1,1,1,0,0,0.25,0,0,0,23.53,23.53,23.53,23.53,0,0,5.88,0,0,1,bcc_A2,0,25,0.0001,0,6.95,1054.7,0,0,0,33.5,0,151.8528465,0,0
Doan Dinh Phuong,2023,Effect of Hf Concentration on the Microstructure and Room Temperature Mechanical Properties of Light-Weight TiVZrNbHfx?(x = 0-1.4) Refractory High Entropy Alloys,TiVZrNb,AM,0,0,0,1,1,1,1,0,0,0,0,0,0,25,25,25,25,0,0,0,0,0,1,bcc_A2,0,25,0.0001,0,6.46,1021.3,0,0,0,39.9,0,158.1334244,0,0
Kaixuan Wang,2023,Effect of Oxygen on the Microstructure and Mechanical Properties of Ti1.5ZrNbMoV Refractory High-Entropy Alloy,Ti1.5ZrNbMoV,AM,0,0,0,1,1.5,1,1,0,1,0,0,0,0,18.18,27.27,18.18,18.18,0,18.18,0,0,0,1,bcc_A2,0,25,0.001,0,6.89,1451,0,0,0,26.5,0,210.5505415,410,3.6
Tiandang Huang,2020,Effect of Ti content on microstructure and properties of TixZrVNb refractory high-entropy alloys,TiZrVNb,AM,0,0,0,1,1,1,1,0,0,0,0,0,0,25,25,25,25,0,0,0,0,0,2,bcc_A2+V2Zr,0,25,0.001,0,6.45,1229,0,0,0,35.2,0,190.54,434.9,0
Tiandang Huang,2020,Effect of Ti content on microstructure and properties of TixZrVNb refractory high-entropy alloys,Ti1.5ZrVNb,AM,0,0,0,1,1.5,1,1,0,0,0,0,0,0,22.22,33.33,22.22,22.22,0,0,0,0,0,1,bcc_A2,0,25,0.001,0,6.22,1119,0,0,0,50,0,179.9,383.1,0
Tiandang Huang,2020,Effect of Ti content on microstructure and properties of TixZrVNb refractory high-entropy alloys,T2ZrVNb,AM,0,0,0,1,2,1,1,0,0,0,0,0,0,20,40,20,20,0,0,0,0,0,1,bcc_A2,0,25,0.001,0,6.12,1086,0,0,0,50,0,177.45,350.4,0
Zhenghang?Cao,2024,Effect of Ti content on the microstructure and mechanical properties of TixZrNbMoV lightweight refractory high-entropy alloys,TiZrNbMoV,AM,0,0,0,1,1,1,1,0,1,0,0,0,0,20,20,20,20,0,20,0,0,0,2,bcc_A2+hcp,0,25,0.001,0,7.13,2200,0,0,0,20,0,308.5691419,0,0
Zhenghang?Cao,2024,Effect of Ti content on the microstructure and mechanical properties of TixZrNbMoV lightweight refractory high-entropy alloys,Ti1.5ZrNbMoV,AM,0,0,0,1,1.5,1,1,0,1,0,0,0,0,18.18,27.27,18.18,18.18,0,18.18,0,0,0,2,bcc_A2+hcp,0,25,0.001,0,6.89,1688,0,0,0,23,0,244.940947,0,0
Zhenghang?Cao,2024,Effect of Ti content on the microstructure and mechanical properties of TixZrNbMoV lightweight refractory high-entropy alloys,Ti2ZrNbMoV,AM,0,0,0,1,2,1,1,0,1,0,0,0,0,16.67,33.33,16.67,16.67,0,16.67,0,0,0,2,bcc_A2+hcp,0,25,0.001,0,6.69,1585,0,0,0,25.8,0,236.817937,0,0
Tianxin Li,2022,Effect of Zr on the as-cast microstructure and mechanical properties of lightweight Ti2VNbMoZrx refractory high-entropy alloys,Ti2VNbMoZr,AM,0,0,0,1,2,1,1,0,1,0,0,0,0,16.67,33.33,16.67,16.67,0,16.67,0,0,0,1,bcc_A2(1)+bcc_A2(2),0.01,25,0.001,0,6.75,1294,21,0,0,27,3.5,191.7,414,4
Tianxin Li,2022,Effect of Zr on the as-cast microstructure and mechanical properties of lightweight Ti2VNbMoZrx refractory high-entropy alloys,Ti2VNbMoZr1.5,AM,0,0,0,1,2,1,1.5,0,1,0,0,0,0,15.38,30.77,15.38,23.08,0,15.38,0,0,0,1,bcc_A2(1)+bcc_A2(2),0.01,25,0.001,0,6.73,1412,47,0,0,29.5,1,209.81,422.8,4.1
Tianxin Li,2022,Effect of Zr on the as-cast microstructure and mechanical properties of lightweight Ti2VNbMoZrx refractory high-entropy alloys,Ti2VNbMoZr2,AM,0,0,0,1,2,1,2,0,1,0,0,0,0,14.29,28.57,14.29,28.57,0,14.29,0,0,0,1,bcc_A2(1)+bcc_A2(2),0.01,25,0.001,0,6.71,1421,6,0,0,31.6,1,211.77,433.8,6.2
Tianxin Li,2022,Effect of Zr on the as-cast microstructure and mechanical properties of lightweight Ti2VNbMoZrx refractory high-entropy alloys,Ti2VNbMoZr3,AM,0,0,0,1,2,1,3,0,1,0,0,0,0,12.5,25,12.5,37.5,0,12.5,0,0,0,1,bcc_A2,0.01,25,0.001,0,6.69,1287,18,0,0,29.7,1,192.38,405.7,6.1
Gengbiao Chen,2021,Effects of Zr Content on the Microstructure and Performance of TiMoNbZrx High-Entropy Alloys,TiMoNbZr0.5,AM,0,0,0,1,1,0,0.5,0,1,0,0,0,0,28.57,28.57,0,14.29,0,28.57,0,0,0,1,bcc_A2,0,25,0.001,0,7.47,1314,33,1673,11,11,1,175.9,516,52
Gengbiao Chen,2021,Effects of Zr Content on the Microstructure and Performance of TiMoNbZrx High-Entropy Alloys,TiMoNbZr,AM,0,0,0,1,1,0,1,0,1,0,0,0,0,25,25,0,25,0,25,0,0,0,1,bcc_A2,0,25,0.001,0,7.32,1287,21,1518,16,8,1,175.82,489,43
Gengbiao Chen,2021,Effects of Zr Content on the Microstructure and Performance of TiMoNbZrx?High-Entropy Alloys,TiMoNbZr0.5,AM,0,0,0,1,1,0,0.5,0,1,0,0,0,0,28.57,28.57,0,14.29,0,28.57,0,0,0,1,bcc_A2,0,25,0.001,0,7.47,1134,33,0,0,11,0,151.8222242,516,52
Gengbiao Chen,2021,Effects of Zr Content on the Microstructure and Performance of TiMoNbZrx?High-Entropy Alloys,TiMoNbZr,AM,0,0,0,1,1,0,1,0,1,0,0,0,0,25,25,0,25,0,25,0,0,0,1,bcc_A2,0,25,0.001,0,7.32,1287,21,0,0,8,0,175.8333435,489,43
Chao Xu,2024,Enhancing mechanical performance of Ti2ZrNbHfVAlx?refractory high-entropy alloys through laves phase,Ti2ZrNbHfV,AM,0,0,0,1,2,1,1,0,0,1,0,0,0,16.67,33.33,16.67,16.67,0,0,16.67,0,0,2,bcc_A2+Laves,0,25,0.001,0,7.51,1008,0,0,0,50,0,134.2664665,317,0
Chao Xu,2024,Enhancing mechanical performance of Ti2ZrNbHfVAlx?refractory high-entropy alloys through laves phase,Ti2ZrNbHfVAl0.2,AM,0,0,0.2,1,2,1,1,0,0,1,0,0,3.23,16.13,32.26,16.13,16.13,0,0,16.13,0,0,2,bcc_A2+Laves,0,25,0.001,0,7.37,1176.6,0,0,0,50,0,159.6499398,360,0
Chao Xu,2024,Enhancing mechanical performance of Ti2ZrNbHfVAlx?refractory high-entropy alloys through laves phase,Ti2ZrNbHfVAl0.4,AM,0,0,0.4,1,2,1,1,0,0,1,0,0,6.25,15.63,31.25,15.63,15.63,0,0,15.63,0,0,2,bcc_A2+Laves,0,25,0.001,0,7.24,1265.4,0,0,0,50,0,174.7803174,375,0
Chao Xu,2024,Enhancing mechanical performance of Ti2ZrNbHfVAlx?refractory high-entropy alloys through laves phase,Ti2ZrNbHfVAl0.6,AM,0,0,0.6,1,2,1,1,0,0,1,0,0,9.09,15.15,30.3,15.15,15.15,0,0,15.15,0,0,2,bcc_A2+Laves,0,25,0.001,0,7.12,1378.6,0,0,0,50,0,193.7038199,410,0
Chao Xu,2024,Enhancing mechanical performance of Ti2ZrNbHfVAlx?refractory high-entropy alloys through laves phase,Ti2ZrNbHfVAl0.8,AM,0,0,0.8,1,2,1,1,0,0,1,0,0,11.76,14.71,29.41,14.71,14.71,0,0,14.71,0,0,2,bcc_A2+Laves,0,25,0.001,0,7,1516.1,0,0,0,44.1,0,216.5660765,430,0
Chao Xu,2024,Enhancing mechanical performance of Ti2ZrNbHfVAlx?refractory high-entropy alloys through laves phase,Ti2ZrNbHfVAl,AM,0,0,1,1,2,1,1,0,0,1,0,0,14.29,14.29,28.57,14.29,14.29,0,0,14.29,0,0,2,bcc_A2+Laves,0,25,0.001,0,6.89,1634.1,0,0,0,28.5,0,237.1630197,450,0
Chao Xu,2024,Enhancing mechanical performance of Ti2ZrNbHfVAlx?refractory high-entropy alloys through laves phase,Ti2ZrNbHfVAl1.2,AM,0,0,1.2,1,2,1,1,0,0,1,0,0,16.67,13.89,27.78,13.89,13.89,0,0,13.89,0,0,2,bcc_A2+Laves,0,25,0.001,0,6.79,1789.9,0,0,0,10.6,0,263.7912391,533,0
Rui-Xin Wang,2024,Excellent ductilization and strengthening of lightweight refractory high-entropy alloys via stable B2 nanoprecipitates,TiVNbAl0.2,AM,0,0,0.2,1,1,1,0,0,0,0,0,0,6.25,31.25,31.25,31.25,0,0,0,0,0,0,3,bcc_A2+bcc_B2,0,25,0.001,1,6.2,810,0,820,0,22,0,130.6647443,0,0
Rui-Xin Wang,2025,Excellent ductilization and strengthening of lightweight refractory high-entropy alloys via stable B3 nanoprecipitates,TiVNbAl0.4,AM,0,0,0.4,1,1,1,0,0,0,0,0,0,11.76,29.41,29.41,29.41,0,0,0,0,0,0,3,bcc_A2+bcc_B2,0,25,0.001,1,5.99,913,7,920,0,32.4,0.4,152.36646,0,0
Fazakas,2014,Experimental and theoretical study of Ti20Zr20Hf20Nb20X20?(X?=?V or Cr) refractory high-entropy alloys,Ti20Zr20Hf20Nb20Cr20,AM,0,0,0,20,20,0,20,20,0,20,0,0,0,20,20,0,20,20,0,20,0,0,2,bcc_A2+Laves(Cr2Nb)+Laves(Cr2Hf),0,25,0.0005,0,8.24,1375,0,0,0,2.8,0,166.8288752,464.28,0
Fazakas,2014,Experimental and theoretical study of Ti20Zr20Hf20Nb20X20?(X?=?V or Cr) refractory high-entropy alloys,Ti20Zr20Hf20Nb20V20,AM,0,0,0,20,20,20,20,0,0,20,0,0,0,20,20,20,20,0,0,20,0,0,2,bcc_A2+IM,0,25,0.0005,0,8.06,1170,0,0,0,29.6,0,145.0842202,387.75,0
Lin Yang,2024,Lightweight CrxV0.5Nb0.5ZrTi Refractory High-Entropy Alloys: Microstructure and Mechanical Properties,Cr0.3V0.5Nb0.5ZrTi,AM,0,0,0,0.5,1,0.5,1,0.3,0,0,0,0,0,15.15,30.3,15.15,30.3,9.09,0,0,0,0,2,bcc_A2+Laves,0,25,0.001,0,6.23,1330,30,0,0,7,0,213.5699665,0,0
Lin Yang,2024,Lightweight CrxV0.5Nb0.5ZrTi Refractory High-Entropy Alloys: Microstructure and Mechanical Properties,Cr0.1V0.5Nb0.5ZrTi,AM,0,0,0,0.5,1,0.5,1,0.1,0,0,0,0,0,16.13,32.26,16.13,32.26,3.23,0,0,0,0,2,bcc_A2+Laves,0,25,0.001,0,6.19,1100,20,0,0,50,0,177.7741897,0,0
Hao Wang,2023,Lightweight Ti-Zr-Nb-Al-V refractory high-entropy alloys with superior strength-ductility synergy and corrosion resistance,Ti1.6ZrNbAl0.4,AM,0,0,0.4,1,1.6,0,1,0,0,0,0,0,10,25,40,0,25,0,0,0,0,0,3,bcc_A2+bcc_B2,0,25,0.001,1,5.92,865,6.6,869,2.1,12.8,0.5,146.0440231,0,0
Hao Wang,2023,Lightweight Ti-Zr-Nb-Al-V refractory high-entropy alloys with superior strength-ductility synergy and corrosion resistance,Ti1.6ZrNbV0.4,AM,0,0,0,1,1.6,0.4,1,0,0,0,0,0,0,25,40,10,25,0,0,0,0,0,1,bcc_A2,0,25,0.001,1,6.22,770,3.9,779,3.2,14.8,0.3,123.757468,0,0
Hao Wang,2023,Lightweight Ti-Zr-Nb-Al-V refractory high-entropy alloys with superior strength-ductility synergy and corrosion resistance,Ti1.6ZrNbAl0.2V0.2,AM,0,0,0.2,1,1.6,0.2,1,0,0,0,0,0,5,25,40,5,25,0,0,0,0,0,1,bcc_A2,0,25,0.001,1,6.07,806,7.3,816,1.5,13.2,0.5,132.7563768,0,0
Jiaojiao Yi,2021,"Lightweight, Refractory High-Entropy Alloy, CrNbTa0.25TiZr, with High Yield Strength",CrNbTa0.25TiZr,AM,0,0,0,1,1,0,1,1,0,0,0.25,0,0,23.53,23.53,0,23.53,23.53,0,0,5.88,0,2,bcc_A2+Laves,0,25,0.001,0,7.25,1800,0,0,0,2.9,0,248.2978932,0,0
Jiaojiao Yi,2021,"Lightweight, Refractory High-Entropy Alloy, CrNbTa0.25TiZr, with High Yield Strength",CrNbTa0.25TiZr,AM,1000,20,0,1,1,0,1,1,0,0,0.25,0,0,23.53,23.53,0,23.53,23.53,0,0,5.88,0,2,bcc_A2+Laves,0,25,0.001,0,7.25,1500,0,0,0,4,0,206.914911,0,0
Denis Klimenko,2021,Machine Learning-Based Strength Prediction for Refractory High-Entropy Alloys of the Al-Cr-Nb-Ti-V-Zr System,Al13Cr12Nb20Ti20V35,AM,1200,10,13,20,20,35,0,12,0,0,0,0,13,20,20,35,0,12,0,0,0,0,5,bcc_B2+Laves,0,25,0.0001,0,5.96,1295,0,0,0,16.6,0,217.28,540,0
Denis Klimenko,2021,Machine Learning-Based Strength Prediction for Refractory High-Entropy Alloys of the Al-Cr-Nb-Ti-V-Zr System,Al10Nb20Ti35V15Zr20,AM,1200,10,10,20,35,15,20,0,0,0,0,0,10,20,35,15,20,0,0,0,0,0,5,bcc_B2+Laves,0,25,0.0001,0,5.86,1323,0,0,0,0,0,225.77,556,0
Denis Klimenko,2021,Machine Learning-Based Strength Prediction for Refractory High-Entropy Alloys of the Al-Cr-Nb-Ti-V-Zr System,Al13Cr2Nb20Ti30V25Zr10,AM,1200,10,13,20,30,25,10,2,0,0,0,0,13,20,30,25,10,2,0,0,0,0,5,bcc_B2+Laves(C14)+Zr5Al3,0,25,0.0001,0,5.79,1290,0,0,0,13.8,0,222.8,489,0
Denis Klimenko,2021,Machine Learning-Based Strength Prediction for Refractory High-Entropy Alloys of the Al-Cr-Nb-Ti-V-Zr System,Al14Cr11Nb5Ti35V25Zr10,AM,1200,10,14,5,35,25,10,11,0,0,0,0,14,5,35,25,10,11,0,0,0,0,5,bcc_B2+Laves(C14)+Zr5Al3,0,25,0.0001,0,5.32,1608,0,0,0,1,0,302.26,650,0
Denis Klimenko,2021,Machine Learning-Based Strength Prediction for Refractory High-Entropy Alloys of the Al-Cr-Nb-Ti-V-Zr System,Al14Cr1Nb10Ti45V25Zr5,AM,1200,10,14,10,45,25,5,1,0,0,0,0,14,10,45,25,5,1,0,0,0,0,5,bcc_B2+Laves+hcp,0,25,0.0001,0,5.19,1316,0,0,0,0,0,253.56,553,0
Denis Klimenko,2021,Machine Learning-Based Strength Prediction for Refractory High-Entropy Alloys of the Al-Cr-Nb-Ti-V-Zr System,Al13Cr7Nb5Ti45V15Zr15,AM,1200,10,13,5,45,15,15,7,0,0,0,0,13,5,45,15,15,7,0,0,0,0,4,bcc_B2,0,25,0.0001,0,5.23,1337,0,0,0,1,0,255.64,552,0
Xiangyang Shen,2024,Microstructural evolution and mechanical behavior of novel TiZrTaxNbMo refractory high-entropy alloys,TiZrTa0.6NbMo,AM,0,0,0,1,1,0,1,0,1,0,0.6,0,0,21.74,21.74,0,21.74,0,21.74,0,13.04,0,1,bcc_A2,0,25,0.0005,0,8.51,1168,16,0,0,20.5,2.6,137.3016515,403.2,4.7
X. Yang,2012,Microstructure and Compressive Properties of NbTiVTaAlx High Entropy Alloys,Al0.5NbTaTiV,AM,0,0,0.5,1,1,1,0,0,0,0,1,0,11.11,22.22,22.22,22.22,0,0,0,0,22.22,0,1,bcc_A2,0,25,0.0002,0,8.46,1012,0,0,0,50,0,119.6159112,0,0
X. Yang,2012,Microstructure and Compressive Properties of NbTiVTaAlx High Entropy Alloys,NbTiVTaAl0.5,AM,0,0,0.5,1,1,1,0,0,0,0,1,0,11.11,22.22,22.22,22.22,0,0,0,0,22.22,0,1,bcc_A2,0,25,0.0002,0,8.46,1012,0,0,0,50,0,119.6159112,0,0
X. Yang,2012,Microstructure and Compressive Properties of NbTiVTaAlx High Entropy Alloys,AlNbTaTiV,AM,0,0,1,1,1,1,0,0,0,0,1,0,20,20,20,20,0,0,0,0,20,0,1,bcc_A2,0,25,0.0002,0,7.89,991,0,0,0,50,0,125.569761,450,          
X. Yang,2012,Microstructure and Compressive Properties of NbTiVTaAlx High Entropy Alloys,NbTiVTaAl,AM,0,0,1,1,1,1,0,0,0,0,1,0,20,20,20,20,0,0,0,0,20,0,1,bcc_A2,0,25,0.0002,0,7.89,991,0,0,0,50,0,125.569761,0,0
W. Chen,2018,Microstructure and mechanical properties of a novel refractory AlNbTiZr high-entropy alloy,AlNbTiZr,AM,0,0,1,1,1,0,1,0,0,0,0,0,25,25,25,0,25,0,0,0,0,0,4,bcc_B2,0,25,0.0001,0,5.85,1509,0,1554,0,8.6,0,257.95,422,15
W. Chen,2018,Microstructure and mechanical properties of a novel refractory AlNbTiZr high-entropy alloy,AlNbTiZr,AM,1200,5,1,1,1,0,1,0,0,0,0,0,25,25,25,0,25,0,0,0,0,0,5,bcc_B2+Zr5Al3,0,25,0.0001,0,5.85,1579,0,1862,0,17.8,0,269.91,418,15
Wentao Jiang,2022,Microstructure and mechanical properties of AlNbTiVZr system refractory high entropy alloys,Al0.5NbTiV2Zr1.5,AM,0,0,0.5,1,1,2,1.5,0,0,0,0,0,8.33,16.67,16.67,33.33,25,0,0,0,0,0,2,bcc_A2+Laves(C14)+Laves(C15),0,25,0.001,0,6.17,641,2,710,0,5.5,0,103.89,613.7,0
Wentao Jiang,2022,Microstructure and mechanical properties of AlNbTiVZr system refractory high entropy alloys,Al0.5NbTiV2Zr,AM,0,0,0.5,1,1,2,1,0,0,0,0,0,9.09,18.18,18.18,36.36,18.18,0,0,0,0,0,2,bcc_A2+Laves(C14),0,25,0.001,0,6.1,1028,25,1116,0,9.3,0,168.52,614.1,0
Wentao Jiang,2022,Microstructure and mechanical properties of AlNbTiVZr system refractory high entropy alloys,Al0.5NbTiV2Zr0.5,AM,0,0,0.5,1,1,2,0.5,0,0,0,0,0,10,20,20,40,10,0,0,0,0,0,2,bcc_A2+Laves(C14),0,25,0.001,0,6.06,1390,11,1723,0,16.9,0,229.37,622.9,0
Wentao Jiang,2022,Microstructure and mechanical properties of AlNbTiVZr system refractory high entropy alloys,Al0.5Nb0.5TiV2Zr1.5,AM,0,0,0.5,0.5,1,2,1.5,0,0,0,0,0,9.09,9.09,18.18,36.36,27.27,0,0,0,0,0,2,bcc_A2+Laves(C14)+Laves(C15),0,25,0.001,0,5.96,797,3,835,0,5.1,0,133.72,583,0
Wentao Jiang,2022,Microstructure and mechanical properties of AlNbTiVZr system refractory high entropy alloys,Al0.5Nb0.5TiV2Zr,AM,0,0,0.5,0.5,1,2,1,0,0,0,0,0,10,10,20,40,20,0,0,0,0,0,2,bcc_A2+Laves(C14),0,25,0.001,0,5.85,1251,2,1262,0,7.3,0,213.85,587.1,0
Wentao Jiang,2022,Microstructure and mechanical properties of AlNbTiVZr system refractory high entropy alloys,Al0.5Nb0.5TiV2Zr0.5,AM,0,0,0.5,0.5,1,2,0.5,0,0,0,0,0,11.11,11.11,22.22,44.44,11.11,0,0,0,0,0,2,bcc_A2+Laves(C14),0,25,0.001,0,5.76,1480,19,1771,0,14.1,0,256.94,577.7,0
Zihe Guo,2023,Microstructure and mechanical properties of Alx(TiZrTa0.7NbMo) refractory high-entropy alloys,Al0.2TiZrTa0.7NbMo,AM,1000,12,0.2,1,1,0,1,0,1,0,0.7,0,4.08,20.41,20.41,0,20.41,0,20.41,0,14.29,0,2,bcc_A2+AlZr3,0,25,0.0005,0,8.46,1651,15,0,0,27.9,0,195.2352385,0,0
Zihe Guo,2023,Microstructure and mechanical properties of Alx(TiZrTa0.7NbMo) refractory high-entropy alloys,Al0.3TiZrTa0.7NbMo,AM,1000,12,0.3,1,1,0,1,0,1,0,0.7,0,6,20,20,0,20,0,20,0,14,0,2,bcc_A2+AlZr3,0,25,0.0005,0,8.35,1788,10,0,0,20.8,0,214.064511,0,0
Zihe Guo,2023,Microstructure and mechanical properties of Alx(TiZrTa0.7NbMo) refractory high-entropy alloys,Al0.4TiZrTa0.7NbMo,AM,1000,12,0.4,1,1,0,1,0,1,0,0.7,0,7.84,19.61,19.61,0,19.61,0,19.61,0,13.73,0,2,bcc_A2+AlZr3,0,25,0.0005,0,8.25,1858,15,0,0,16.9,0,225.145002,0,0
Zihe Guo,2023,Microstructure and mechanical properties of Alx(TiZrTa0.7NbMo) refractory high-entropy alloys,Al0.5TiZrTa0.7NbMo,AM,1000,12,0.5,1,1,0,1,0,1,0,0.7,0,9.62,19.23,19.23,0,19.23,0,19.23,0,13.46,0,2,bcc_A2+AlZr3,0,25,0.0005,0,8.16,1984,10,0,0,10.2,0,243.2629243,0,0
Lou Li-Yan,2022,"Microstructure and mechanical properties of lightweight AlxCrNbTiV(x = 0.2, 0.5, 0.8) refractory high entropy alloys",Al0.2CrNbTiV,AM,0,0,0.2,1,1,1,0,1,0,0,0,0,4.76,23.81,23.81,23.81,0,23.81,0,0,0,0,1,bcc_A2,0,25,0.001,0,6.38,1570,0,0,0,50,0,246.08,462,0
Lou Li-Yan,2022,"Microstructure and mechanical properties of lightweight AlxCrNbTiV(x = 0.2, 0.5, 0.8) refractory high entropy alloys",Al0.5CrNbTiV,AM,0,0,0.5,1,1,1,0,1,0,0,0,0,11.11,22.22,22.22,22.22,0,22.22,0,0,0,0,1,bcc_A2,0,25,0.001,0,6.08,1438,0,0,0,25.5,0,236.51,502,0
Lou Li-Yan,2022,"Microstructure and mechanical properties of lightweight AlxCrNbTiV(x = 0.2, 0.5, 0.8) refractory high entropy alloys",Al0.8CrNbTiV,AM,0,0,0.8,1,1,1,0,1,0,0,0,0,16.67,20.83,20.83,20.83,0,20.83,0,0,0,0,1,bcc_A2,0,25,0.001,0,5.82,1322,0,0,0,20.3,0,227.15,549,0
N.N. Guo,2016,Microstructure and mechanical properties of refractory high entropy (Mo0.5NbHf0.5ZrTi)BCC/M5Si3?in-situ compound,Hf0.5Mo0.5Nb1Ti1Zr1,AM,0,0,0,1,1,0,1,0,0.5,0.5,0,0,0,25,25,0,25,0,12.5,12.5,0,0,1,bcc_A2,0,25,0.001,0,7.88,1150,0,0,0,27,0,145.9023945,398,0
Cielak Grzegorz,2022,Microstructure and Mechanical Properties of the Ductile Al-Ti-Mo-Nb-V Refractory High Entropy Alloys,Al20Ti5Mo25Nb25V25,AM,0,0,20,25,5,25,0,0,25,0,0,0,20,25,5,25,0,0,25,0,0,0,4,bcc_B2,0,25,0.001,0,7.02,873,0,1033.6,0,13.38,0,124.36,545,0
Cielak Grzegorz,2022,Microstructure and Mechanical Properties of the Ductile Al-Ti-Mo-Nb-V Refractory High Entropy Alloys,Al10Ti30Mo20Nb20V20,AM,0,0,10,20,30,20,0,0,20,0,0,0,10,20,30,20,0,0,20,0,0,0,4,bcc_B2,0,25,0.001,0,6.6,1502,0,1548.8,0,13.25,0,227.58,460,0
X.K. Zhang,2020,Microstructure and mechanical properties of Tix(AlCrVNb)100-x light weight multi-principal element alloys,Ti40Al15Cr15V15Nb15,AM,0,0,15,15,40,15,0,15,0,0,0,0,15,15,40,15,0,15,0,0,0,0,1,bcc_A2,0,25,0.001,0,5.41,1122,0,0,0,27,0,207.39,406,0
Tiantian Wang,2023,Microstructure and properties of Al0.5NbTi3VxZr2 refractory high entropy alloys combined with high strength and ductility,Al0.5NbTi3V1.5Zr2,AM,0,0,0.5,1,3,1.5,2,0,0,0,0,0,6.25,12.5,37.5,18.75,25,0,0,0,0,0,1,bcc_A2,0,25,0.001,0,5.81,872,32,0,0,50,0,150.0860585,378.8,0
Tiantian Wang,2023,Microstructure and properties of Al0.5NbTi3VxZr2 refractory high entropy alloys combined with high strength and ductility,Al0.5NbTi3V1Zr2,AM,0,0,0.5,1,3,1,2,0,0,0,0,0,6.67,13.33,40,13.33,26.67,0,0,0,0,0,1,bcc_A2,0,25,0.001,0,5.8,898,13,0,0,50,0,154.8275862,358.4,0
Tiantian Wang,2023,Microstructure and properties of Al0.5NbTi3VxZr2 refractory high entropy alloys combined with high strength and ductility,Al0.5NbTi3V0.5Zr2,AM,0,0,0.5,1,3,0.5,2,0,0,0,0,0,7.14,14.29,42.86,7.14,28.57,0,0,0,0,0,1,bcc_A2,0,25,0.001,0,5.78,790,3,0,0,50,0,136.6782007,310.3,0
Tiantian Wang,2023,Microstructure and properties of Al0.5NbTi3VxZr2 refractory high entropy alloys combined with high strength and ductility,Al0.5NbTi3V1Zr2,AM,0,0,0.5,1,3,1,2,0,0,0,0,0,6.67,13.33,40,13.33,26.67,0,0,0,0,0,1,bcc_A2,0,25,0.0008,1,5.8,694,22,910,0,17.2,0,119.6551724,0,0
Tiantian Wang,2023,Microstructure and properties of Al0.5NbTi3VxZr2 refractory high entropy alloys combined with high strength and ductility,Al0.5NbTi3V0.5Zr2,AM,0,0,0.5,1,3,0.5,2,0,0,0,0,0,7.14,14.29,42.86,7.14,28.57,0,0,0,0,0,1,bcc_A2,0,25,0.0008,1,5.78,561,15,784,0,19.5,0,97.05882353,0,0
N. Yu Yurchenko,2019,Microstructure evolution of a novel low-density Ti-Cr-Nb-V refractory high entropy alloy during cold rolling and subsequent annealing,Ti1.89CrNbV0.56,AM,0,0,0,1,1.89,0.56,0,1,0,0,0,0,0,22.47,42.47,12.58,0,22.47,0,0,0,0,1,bcc_A2,0,25,0.0001,0,6.17,990,0,0,0,50,0,160.45,0,0
J. Jayaraj,2018,"Microstructure, mechanical and thermal oxidation behavior of AlNbTiZr high entropy alloy",AlNbTiZr,AM,0,0,1,1,1,0,1,0,0,0,0,0,25,25,25,0,25,0,0,0,0,0,2,bcc_A2+Zr2Al,0,25,0.0005,0,5.74,1650,0,0,0,19.6,0,287.46,0,0
Jiaqing Qin,2024,"Microstructure, mechanical properties and incipient plasticity of (Ti42.5Zr42.5Nb10Ta5)100-xMox refractory high-entropy alloys",(Ti42.5Zr42.5Nb10Ta5)93Mo7,AM,0,0,0,9.26,39.55,0,39.54,0,7.02,0,4.63,0,0,9.26,39.55,0,39.54,0,7.02,0,4.63,0,1,bcc_A2,0,25,0.001,1,6.61,975,0,0,0,1.73,0,147.4100179,0,0
Jiaqing Qin,2024,"Microstructure, mechanical properties and incipient plasticity of (Ti42.5Zr42.5Nb10Ta5)100-xMox refractory high-entropy alloys",(Ti42.5Zr42.5Nb10Ta5)95Mo5,AM,0,0,0,9.52,40.33,0,40.39,0,5.01,0,4.75,0,0,9.52,40.33,0,40.39,0,5.01,0,4.75,0,1,bcc_A2,0,25,0.001,1,6.56,923,0,0,0,21.81,0,140.773544,0,0
Jiaqing Qin,2024,"Microstructure, mechanical properties and incipient plasticity of (Ti42.5Zr42.5Nb10Ta5)100-xMox refractory high-entropy alloys",(Ti42.5Zr42.5Nb10Ta5)97Mo3,AM,0,0,0,9.71,41.21,0,41.23,0,2.98,0,4.87,0,0,9.71,41.21,0,41.23,0,2.98,0,4.87,0,1,bcc_A2,0,25,0.001,1,6.5,828,0,0,0,21.26,0,127.4644524,0,0
Jiaqing Qin,2024,"Microstructure, mechanical properties and incipient plasticity of (Ti42.5Zr42.5Nb10Ta5)100-xMox refractory high-entropy alloys",Ti42.5Zr42.5Nb10Ta5?,AM,0,0,0,9.97,42.51,0,42.52,0,0,0,4.98,0,0,9.97,42.52,0,42.53,0,0,0,4.98,0,1,bcc_A2,0,25,0.001,1,6.4,670,0,0,0,19.91,0,104.6663332,0,0
Shu ying Chen,2014,Microstructures and Crackling Noise of AlxNbTiMoV High Entropy Alloys,NbTiMoV?,AM,0,0,0,1,1,1,0,0,1,0,0,0,0,25,25,25,0,0,25,0,0,0,1,bcc_A2,0,25,0.0005,0,7.35,1200,0,0,0,25.62,0,163.2385506,440.7,0
Shu ying Chen,2014,Microstructures and Crackling Noise of AlxNbTiMoV High Entropy Alloys,Al0.25NbTiMoV?,AM,0,0,0.25,1,1,1,0,0,1,0,0,0,5.88,23.53,23.53,23.53,0,0,23.53,0,0,0,1,bcc_A2,0,25,0.0005,0,7.07,1250,0,0,0,12.91,0,176.7515787,460.1,0
Shu ying Chen,2014,Microstructures and Crackling Noise of AlxNbTiMoV High Entropy Alloys,Al0.5NbTiMoV?,AM,0,0,0.5,1,1,1,0,0,1,0,0,0,11.11,22.22,22.22,22.22,0,0,22.22,0,0,0,1,bcc_A2,0,25,0.0005,0,6.82,1625,0,0,0,11.25,0,238.1110499,486.5,0
Shu ying Chen,2014,Microstructures and Crackling Noise of AlxNbTiMoV High Entropy Alloys,Al0.75NbTiMoV?,AM,0,0,0.75,1,1,1,0,0,1,0,0,0,15.79,21.05,21.05,21.05,0,0,21.05,0,0,0,1,bcc_A2,0,25,0.0005,0,6.6,1260,0,0,0,7.5,0,190.806557,516.6,0
Shu ying Chen,2014,Microstructures and Crackling Noise of AlxNbTiMoV High Entropy Alloys,Al1NbTiMoV?,AM,0,0,1,1,1,1,0,0,1,0,0,0,20,20,20,20,0,0,20,0,0,0,1,bcc_A2,0,25,0.0005,0,6.41,1375,0,0,0,2.5,0,214.6751902,536.6,0
Y.D. Wu,2015,Phase composition and solid solution strengthening effect in TiZrNbMoV high-entropy alloys,TiZrNbV0.3Mo1.5,AM,0,0,0,1,1,0.3,1,0,1.5,0,0,0,0,20.83,20.83,6.25,20.83,0,31.25,0,0,0,4,bcc_B2,0,25,0.0002,0,7.53,1576,0,0,0,8,0,209.3775664,0,0
Y.D. Wu,2015,Phase composition and solid solution strengthening effect in TiZrNbMoV high-entropy alloys,TiZrNbV0.3Mo1.3,AM,0,0,0,1,1,0.3,1,0,1.3,0,0,0,0,21.74,21.74,6.52,21.74,0,28.26,0,0,0,4,bcc_B2,0,25,0.0002,0,7.42,1603,0,0,0,20,0,215.906575,0,0
Y.D. Wu,2015,Phase composition and solid solution strengthening effect in TiZrNbMoV high-entropy alloys,TiZrNbV0.3Mo1.0,AM,0,0,0,1,1,0.3,1,0,1,0,0,0,0,23.26,23.26,6.98,23.26,0,23.26,0,0,0,4,bcc_B2,0,25,0.0002,0,7.26,1455,0,0,0,25,0,200.5379818,0,0
Y.D. Wu,2015,Phase composition and solid solution strengthening effect in TiZrNbMoV high-entropy alloys,TiZrNbV0.3Mo0.7,AM,0,0,0,1,1,0.3,1,0,0.7,0,0,0,0,25,25,7.5,25,0,17.5,0,0,0,4,bcc_B2,0,25,0.0002,0,7.07,1436,0,0,0,26.6,0,203.2500099,0,0
Y.D. Wu,2015,Phase composition and solid solution strengthening effect in TiZrNbMoV high-entropy alloys,TiZrNbV0.3Mo0.5,AM,0,0,0,1,1,0.3,1,0,0.5,0,0,0,0,26.32,26.32,7.89,26.32,0,13.16,0,0,0,4,bcc_B2,0,25,0.0002,0,6.92,1301,0,0,0,43,0,187.8851513,0,0
Y.D. Wu,2015,Phase composition and solid solution strengthening effect in TiZrNbMoV high-entropy alloys,TiZrNbVMo2.0,AM,0,0,0,1,1,1,1,0,2,0,0,0,0,16.67,16.67,16.67,16.67,0,33.33,0,0,0,1,bcc_A2,0,25,0.0002,0,7.6,1765,0,0,0,12,0,232.2265279,0,0
Y.D. Wu,2015,Phase composition and solid solution strengthening effect in TiZrNbMoV high-entropy alloys,TiZrNbVMo1.7,AM,0,0,0,1,1,1,1,0,1.7,0,0,0,0,17.54,17.54,17.54,17.54,0,29.82,0,0,0,1,bcc_A2,0,25,0.0002,0,7.47,1645,0,0,0,15,0,220.0786618,0,0
Y.D. Wu,2015,Phase composition and solid solution strengthening effect in TiZrNbMoV high-entropy alloys,TiZrNbVMo1.5,AM,0,0,0,1,1,1,1,0,1.5,0,0,0,0,18.18,18.18,18.18,18.18,0,27.27,0,0,0,1,bcc_A2,0,25,0.0002,0,7.38,1603,0,0,0,20,0,217.0907714,0,0
Y.D. Wu,2015,Phase composition and solid solution strengthening effect in TiZrNbMoV high-entropy alloys,TiZrNbVMo1.3,AM,0,0,0,1,1,1,1,0,1.3,0,0,0,0,18.87,18.87,18.87,18.87,0,24.53,0,0,0,1,bcc_A2,0,25,0.0002,0,7.29,1496,0,0,0,30,0,205.286685,0,0
Y.D. Wu,2015,Phase composition and solid solution strengthening effect in TiZrNbMoV high-entropy alloys,TiZrNbVMo1.0,AM,0,0,0,1,1,1,1,0,1,0,0,0,0,20,20,20,20,0,20,0,0,0,1,bcc_A2,0,25,0.0002,0,7.13,1779,0,0,0,32,0,249.5202288,0,0
Y.D. Wu,2015,Phase composition and solid solution strengthening effect in TiZrNbMoV high-entropy alloys,TiZrNbVMo0.7,AM,0,0,0,1,1,1,1,0,0.7,0,0,0,0,21.28,21.28,21.28,21.28,0,14.89,0,0,0,1,bcc_A2,0,25,0.0002,0,6.95,1706,0,0,0,32,0,245.3104488,0,0
Y.D. Wu,2015,Phase composition and solid solution strengthening effect in TiZrNbMoV high-entropy alloys,TiZrNbVMo0.5,AM,0,0,0,1,1,1,1,0,0.5,0,0,0,0,22.22,22.22,22.22,22.22,0,11.11,0,0,0,1,bcc_A2,0,25,0.0002,0,6.83,1473,0,0,0,32,0,215.7803344,0,0
Y.D. Wu,2015,Phase composition and solid solution strengthening effect in TiZrNbMoV high-entropy alloys,TiZrNbV0.3Mo0.3,AM,0,0,0,1,1,0.3,1,0,0.3,0,0,0,0,27.78,27.78,8.33,27.78,0,8.33,0,0,0,1,bcc_A2,0,25,0.0002,0,6.77,1312,0,0,0,50,0,193.7730587,0,0
Y.D. Wu,2015,Phase composition and solid solution strengthening effect in TiZrNbMoV high-entropy alloys,TiZrNbVMo0.3,AM,0,0,0,1,1,1,1,0,0.3,0,0,0,0,23.26,23.26,23.26,23.26,0,6.98,0,0,0,1,bcc_A2,0,25,0.0002,0,6.69,1289,0,0,0,42,0,192.7314785,0,0
Y.D. Wu,2015,Phase composition and solid solution strengthening effect in TiZrNbMoV high-entropy alloys,TiZrNbV0.3Mo0.1,AM,0,0,0,1,1,0.3,1,0,0.1,0,0,0,0,29.41,29.41,8.82,29.41,0,2.94,0,0,0,1,bcc_A2,0,25,0.0002,0,6.6,932,0,0,0,45,0,141.1601984,0,0
Y.D. Wu,2015,Phase composition and solid solution strengthening effect in TiZrNbMoV high-entropy alloys,TiZrNbV0.3,AM,0,0,0,1,1,0.3,1,0,0,0,0,0,0,30.3,30.3,9.09,30.3,0,0,0,0,0,1,bcc_A2,0,25,0.0002,0,6.51,866,0,0,0,45,0,132.9846539,0,0
Y.D. Wu,2015,Phase composition and solid solution strengthening effect in TiZrNbMoV high-entropy alloys,TiZrNbV,AM,0,0,0,1,1,1,1,0,0,0,0,0,0,25,25,25,25,0,0,0,0,0,1,bcc_A2,0,25,0.0002,0,6.46,1104,0,0,0,50,0,170.9383145,0,0
Chunjin Zhu,2024,"Phase evolution, mechanical properties, and corrosion resistance of Ti2NbVAl0.3Zrx?lightweight refractory high-entropy alloys",Ti2NbVAl0.3Zr0.75,AM,0,0,0.3,1,2,1,0.75,0,0,0,0,0,5.94,19.8,39.6,19.8,14.85,0,0,0,0,0,3,bcc_A2+bcc_B2,0,25,0.001,1,5.86,1022,41,1063,9,9.4,0.5,174.3491454,358.9,0
Chunjin Zhu,2024,"Phase evolution, mechanical properties, and corrosion resistance of Ti2NbVAl0.3Zrx?lightweight refractory high-entropy alloys",Ti2NbVAl0.3Zr0.5,AM,0,0,0.3,1,2,1,0.5,0,0,0,0,0,6.25,20.83,41.67,20.83,10.42,0,0,0,0,0,3,bcc_A2+bcc_B2,0,25,0.001,1,5.82,1001,38,1012,11,9.5,0.8,172.0907221,344.1,0
Chunjin Zhu,2024,"Phase evolution, mechanical properties, and corrosion resistance of Ti2NbVAl0.3Zrx?lightweight refractory high-entropy alloys",Ti2NbVAl0.3Zr0.25,AM,0,0,0.3,1,2,1,0.25,0,0,0,0,0,6.59,21.98,43.96,21.98,5.49,0,0,0,0,0,3,bcc_A2+bcc_B2,0,25,0.001,1,5.76,845,23,847,14,12.6,0.7,146.5776316,333.3,0
K. Gao,2022,Phase stability and compressive properties of low-density (Zr50Ti35Nb15)100-xAlx high entropy alloys,(Zr50Ti35Nb15)80Al20,AM,0,0,20,12,28,0,40,0,0,0,0,0,20,12,28,0,40,0,0,0,0,0,4,bcc_B2,0,25,0.0001,0,5.64,1340,0,0,0,27,0,237.59,0,0
K. Gao,2022,Phase stability and compressive properties of low-density (Zr50Ti35Nb15)100-xAlx high entropy alloys,(Zr50Ti35Nb15)70Al30,AM,0,0,30,10.5,24.5,0,35,0,0,0,0,0,30,10.5,24.5,0,35,0,0,0,0,0,4,bcc_B2,0,25,0.0001,0,5.31,1750,0,0,0,12,0,329.57,0,0
N.D. Stepanov,2017,Precipitation-strengthened refractory Al0.5CrNbTi2V0.5 high entropy alloy,Al0.25CrNbTi2V0.5,AM,0,0,0.25,1,2,0.5,0,1,0,0,0,0,5.26,21.05,42.11,10.53,0,21.05,0,0,0,0,1,bcc_A2,0,25,0.0001,0,5.76,1240,0,0,0,50,0,215.28,0,0
N.D. Stepanov,2017,Precipitation-strengthened refractory Al0.5CrNbTi2V0.5 high entropy alloy,Al0.25CrNbTi2V0.5,AM,1200,24,0.25,1,2,0.5,0,1,0,0,0,0,5.26,21.05,42.11,10.53,0,21.05,0,0,0,0,2,bcc_A2+Laves(C14),0,25,0.0001,0,5.76,1340,0,0,0,18.5,0,232.64,0,0
Yuchi Fang,2024,Preparation of a novel high-entropy alloy AlNbTiVZr with excellent strength and ductility: The effect of Zr composition on microstructure and properties,Al0.8Nb0.5Ti2V2Zr0.9,AM,0,0,0.8,0.5,2,2,0.9,0,0,0,0,0,12.9,8.06,32.26,32.26,14.52,0,0,0,0,0,2,bcc_A2+Laves,0.05,25,0.001,0,5.55,1714,0,0,0,12,0,308.8288288,564.6,0
Yuchi Fang,2024,Preparation of a novel high-entropy alloy AlNbTiVZr with excellent strength and ductility: The effect of Zr composition on microstructure and properties,Al0.8Nb0.5Ti2V2Zr0.6,AM,0,0,0.8,0.5,2,2,0.6,0,0,0,0,0,13.56,8.47,33.9,33.9,10.17,0,0,0,0,0,2,bcc_A2+Laves,0.11,25,0.001,0,5.4,1483,0,0,0,21,0,274.6296296,440.76,0
Yuchi Fang,2024,Preparation of a novel high-entropy alloy AlNbTiVZr with excellent strength and ductility: The effect of Zr composition on microstructure and properties,Al0.8Nb0.5Ti2V2Zr0.3,AM,0,0,0.8,0.5,2,2,0.3,0,0,0,0,0,14.29,8.93,35.71,35.71,5.36,0,0,0,0,0,2,bcc_A2+Laves,0.09,25,0.001,0,5.36,1216,0,0,0,50,0,226.8656716,391.38,0
Yuchi Fang,2024,Preparation of a novel high-entropy alloy AlNbTiVZr with excellent strength and ductility: The effect of Zr composition on microstructure and properties,Al0.8Nb0.5Ti2V2,AM,0,0,0.8,0.5,2,2,0,0,0,0,0,0,15.09,9.43,37.74,37.74,0,0,0,0,0,0,1,bcc_A2,0.15,25,0.001,0,5.28,971,0,0,0,50,0,183.9015152,325.46,0
Jinliang Xu,2020,Research on high specific strength as-cast AlxNbTiVZr high entropy alloys,Al0.3NbTiVZr,AM,0,0,0.3,1,1,1,1,0,0,0,0,0,6.98,23.26,23.26,23.26,23.26,0,0,0,0,0,2,bcc_A2+Laves(C14),0,25,0.001,0,6.2,1367,30,1667,30,10.14,2,220.48,0,0
Jinliang Xu,2020,Research on high specific strength as-cast AlxNbTiVZr high entropy alloys,Al0.4NbTiVZr,AM,0,0,0.4,1,1,1,1,0,0,0,0,0,9.09,22.73,22.73,22.73,22.73,0,0,0,0,0,2,bcc_A2+Laves(C14),0,25,0.001,0,6.14,1298,25,1590,35,9.29,2,211.4,0,0
Jinliang Xu,2020,Research on high specific strength as-cast AlxNbTiVZr high entropy alloys,Al0.5NbTiVZr,AM,0,0,0.5,1,1,1,1,0,0,0,0,0,11.11,22.22,22.22,22.22,22.22,0,0,0,0,0,2,bcc_A2+Laves(C14),0,25,0.001,0,6.07,1264,30,1535,30,6.15,2,208.24,0,0
Jinliang Xu,2020,Research on high specific strength as-cast AlxNbTiVZr high entropy alloys,Al0.1NbTiVZr,AM,0,0,0.1,1,1,1,1,0,0,0,0,0,2.44,24.39,24.39,24.39,24.39,0,0,0,0,0,1,bcc_A2,0,25,0.001,0,6.37,1177,25,1452,30,19.4,1.5,184.77,0,0
Jinliang Xu,2020,Research on high specific strength as-cast AlxNbTiVZr high entropy alloys,Al0.2NbTiVZr,AM,0,0,0.2,1,1,1,1,0,0,0,0,0,4.76,23.81,23.81,23.81,23.81,0,0,0,0,0,1,bcc_A2,0,25,0.001,0,6.29,1242,30,1585,30,11.94,1.5,197.46,0,0
Zibing An,2022,Simultaneously enhanced oxidation resistance and mechanical properties in a novel lightweight Ti2VZrNb0.5Al0.5 high-entropy alloy,Ti2VZrNb,AM,0,0,0,1,2,1,1,0,0,0,0,0,0,20,40,20,20,0,0,0,0,0,1,bcc_A2,0,25,0.001,0,5.89,769,0,0,0,50,0,130.56,0,0
Zibing An,2022,Simultaneously enhanced oxidation resistance and mechanical properties in a novel lightweight Ti2VZrNb0.5Al0.5 high-entropy alloy,Ti2VZrNb0.5Al0.5,AM,0,0,0.5,0.5,2,1,1,0,0,0,0,0,10,10,40,20,20,0,0,0,0,0,1,bcc_A2,0,25,0.001,0,5.44,1273,0,0,0,50,0,234.01,0,0
Z. Li,2022,Strength-ductility synergy of Al-bearing low-density refractory TiNbMo0.5AlX?medium entropy alloys via precipitation,TiNbMo0.5Al0.125,AM,0,0,0.125,1,1,0,0,0,0.5,0,0,0,4.76,38.1,38.1,0,0,0,19.05,0,0,0,1,bcc_A2,0,25,0.001,0,7.02,1002,0,0,0,25,0,142.7818532,0,0
Z. Li,2022,Strength-ductility synergy of Al-bearing low-density refractory TiNbMo0.5AlX?medium entropy alloys via precipitation,TiNbMo0.5Al0.15,AM,0,0,0.15,1,1,0,0,0,0.5,0,0,0,5.66,37.74,37.74,0,0,0,18.87,0,0,0,1,bcc_A2,0,25,0.001,0,6.98,996,0,0,0,36,0,142.7209765,0,0
Z. Li,2022,Strength-ductility synergy of Al-bearing low-density refractory TiNbMo0.5AlX?medium entropy alloys via precipitation,TiNbMo0.5Al0.175,AM,0,0,0.175,1,1,0,0,0,0.5,0,0,0,6.54,37.38,37.38,0,0,0,18.69,0,0,0,1,bcc_A2,0,25,0.001,0,6.94,958,0,0,0,31,0,138.0342798,0,0
Z. Li,2022,Strength-ductility synergy of Al-bearing low-density refractory TiNbMo0.5AlX?medium entropy alloys via precipitation,TiNbMo0.5Al0.2,AM,0,0,0.2,1,1,0,0,0,0.5,0,0,0,7.41,37.04,37.04,0,0,0,18.52,0,0,0,1,bcc_A2,0,25,0.001,0,6.9,1043,0,0,0,26,0,151.1016202,0,0
Z. Li,2022,Strength-ductility synergy of Al-bearing low-density refractory TiNbMo0.5AlX?medium entropy alloys via precipitation,TiNbMo0.5Al0.225,AM,0,0,0.225,1,1,0,0,0,0.5,0,0,0,8.26,36.7,36.7,0,0,0,18.35,0,0,0,1,bcc_A2,0,25,0.001,0,6.87,1022,0,0,0,31,0,148.8572705,0,0
Z. Li,2022,Strength-ductility synergy of Al-bearing low-density refractory TiNbMo0.5AlX?medium entropy alloys via precipitation,TiNbMo0.5Al0.25,AM,0,0,0.25,1,1,0,0,0,0.5,0,0,0,9.09,36.36,36.36,0,0,0,18.18,0,0,0,1,bcc_A2,0,25,0.001,0,6.83,1051,0,0,0,29,0,153.8961493,0,0
N. Yurchenko,2020,Structure and mechanical properties of an in situ refractory Al20Cr10Nb15Ti20V25Zr10 high entropy alloy composite,Al20Cr10Nb15Ti20V25Zr10,AM,0,0,20,15,20,25,10,10,0,0,0,0,20,15,20,25,10,10,0,0,0,0,5,bcc_B2+Laves(C14),0.02,25,0.0001,0,5.55,1000,0,0,0,0,0,180.18,0,0
N. Yurchenko,2020,Structure and mechanical properties of an in situ refractory Al20Cr10Nb15Ti20V25Zr10 high entropy alloy composite,Al20Cr10Nb15Ti20V25Zr10,AM,1200,24,20,15,20,25,10,10,0,0,0,0,20,15,20,25,10,10,0,0,0,0,5,bcc_B2+Laves(C14)+Zr5Al3,0.02,25,0.0001,0,5.55,1535,0,0,0,0.6,0,276.58,0,0
N.Yu. Yurchenko,2017,Structure and mechanical properties of B2 ordered refractory AlNbTiVZrx (x = 0-1.20) high-entropy alloys,AlNbTiV,AM,1200,24,1,1,1,1,0,0,0,0,0,0,25,25,25,25,0,0,0,0,0,0,4,bcc_B2,0,25,0.0001,0,5.59,1000,0,1280,0,6,0,178.89,0,0
N.Yu. Yurchenko,2017,Structure and mechanical properties of B2 ordered refractory AlNbTiVZrx (x = 0-1.5) high-entropy alloys,AlNbTiVZr1.5,AM,1200,24,1,1,1,1,1.5,0,0,0,0,0,18.18,18.18,18.18,18.18,27.27,0,0,0,0,0,5,bcc_B2+Zr5Al3+Laves,0,25,0.0001,0,5.87,1535,0,1550,0,0.4,0,261.5,0,0
N.Yu. Yurchenko,2017,Structure and mechanical properties of B2 ordered refractory AlNbTiVZrx (x = 0-1.6) high-entropy alloys,AlNbTiVZr,AM,1200,24,1,1,1,1,1,0,0,0,0,0,20,20,20,20,20,0,0,0,0,0,5,bcc_B2+Zr5Al3+Laves,0,25,0.0001,0,5.79,1500,0,1675,0,3,0,259.07,0,0
N.Yu. Yurchenko,2017,Structure and mechanical properties of B2 ordered refractory AlNbTiVZrx (x = 0-1.7) high-entropy alloys,AlNbTiVZr0.5,AM,1200,24,1,1,1,1,0.5,0,0,0,0,0,22.22,22.22,22.22,22.22,11.11,0,0,0,0,0,5,bcc_B2+Zr5Al3+Laves,0,25,0.0001,0,5.64,1485,0,1740,0,50,0,263.3,0,0
N.Yu. Yurchenko,2017,Structure and mechanical properties of B2 ordered refractory AlNbTiVZrx (x = 0-1.8) high-entropy alloys,AlNbTiVZr0.25,AM,1200,24,1,1,1,1,0.25,0,0,0,0,0,23.53,23.53,23.53,23.53,5.88,0,0,0,0,0,5,bcc_B2+Zr5Al3,0,25,0.0001,0,5.57,1360,0,1480,0,9.3,0,244.17,0,0
N.Yu. Yurchenko,2017,Structure and mechanical properties of B2 ordered refractory AlNbTiVZrx (x = 0-1.9) high-entropy alloys,AlNbTiVZr0.1,AM,1200,24,1,1,1,1,0.1,0,0,0,0,0,24.39,24.39,24.39,24.39,2.44,0,0,0,0,0,5,bcc_B2+Zr5Al3,0,25,0.0001,0,5.53,1290,0,1395,0,3.7,0,233.27,0,0
N Yurchenko,2021,Structure and mechanical properties of near-eutectic refractory Al-Cr-Nb-Ti-Zr high entropy alloys,Al20Cr20Nb25Ti25Zr10,AM,0,0,20,25,25,0,11,20,0,0,0,0,19.8,24.75,24.75,0,10.89,19.8,0,0,0,0,5,bcc_B2+Laves(C14),0.03,25,0.0001,0,5.89,1830,0,0,0,0.7,0,310.7,0,0
N Yurchenko,2021,Structure and mechanical properties of near-eutectic refractory Al-Cr-Nb-Ti-Zr high entropy alloys,Al28Cr15Nb15Ti20Zr22,AM,0,0,28,15,20,0,22,15,0,0,0,0,28,15,20,0,22,15,0,0,0,0,5,bcc_B2+Laves(C14),0.03,25,0.0001,0,5.5,795,0,0,0,0.7,0,144.55,0,0
N Yurchenko,2021,Structure and mechanical properties of near-eutectic refractory Al-Cr-Nb-Ti-Zr high entropy alloys,Al24Cr11Nb11Ti37Zr17,AM,0,0,24,11,37,0,17,11,0,0,0,0,24,11,37,0,17,11,0,0,0,0,5,bcc_B2+Laves(C14),0.02,25,0.0001,0,5.2,1570,0,0,0,0.6,0,301.92,0,0
N.D. Stepanov,2015,"Structure and mechanical properties of the AlCrxNbTiV (x = 0, 0.5, 1, 1.5) high entropy alloys",AlCr1.5NbTiV,AM,1200,24,1,1,1,1,0,1.5,0,0,0,0,18.18,18.18,18.18,18.18,0,27.27,0,0,0,0,2,bcc_A2+Laves(C14),0.08,25,0.0001,0,5.9,1700,0,1700,0,0,0,288.14,0,0
N.D. Stepanov,2015,"Structure and mechanical properties of the AlCrxNbTiV (x = 0, 0.5, 1, 1.5) high entropy alloys",AlCrNbTiV,AM,1200,24,1,1,1,1,0,1,0,0,0,0,20,20,20,20,0,20,0,0,0,0,2,bcc_A2+Laves(C14),0.12,25,0.0001,0,5.82,1550,0,1570,0,0.4,0,266.32,0,0
N.D. Stepanov,2015,"Structure and mechanical properties of the AlCrxNbTiV (x = 0, 0.5, 1, 1.5) high entropy alloys",AlCr0.5NbTiV,AM,1200,24,1,1,1,1,0,0.5,0,0,0,0,22.22,22.22,22.22,22.22,0,11.11,0,0,0,0,1,bcc_A2,0.08,25,0.0001,0,5.71,1300,0,1430,0,0.8,0,227.67,0,0
N.D. Stepanov,2015,"Structure and mechanical properties of the AlCrxNbTiV (x = 0, 0.5, 1, 1.5) high entropy alloys",AlNbTiV,AM,1200,24,1,1,1,1,0,0,0,0,0,0,25,25,25,25,0,0,0,0,0,0,1,bcc_A2,0.07,25,0.0001,0,5.59,1000,0,1280,0,5.2,0,178.89,0,0
Dongxu Qiao,2021,The mechanical and oxidation properties of novel B2-ordered Ti2ZrHf0.5VNb0.5Alx refractory high-entropy alloys,Ti2ZrHf0.5VNb0.5Al0.75,AM,0,0,0.75,0.5,2,1,1,0,0,0.5,0,0,13.04,8.7,34.78,17.39,17.39,0,0,8.7,0,0,3,bcc_A2+bcc_B2,0,25,0.001,0,6.21,1323,0,2256,0,31.4,0,213.04,402.2,0
Dongxu Qiao,2021,The mechanical and oxidation properties of novel B2-ordered Ti2ZrHf0.5VNb0.5Alx refractory high-entropy alloys,Ti2ZrHf0.5VNb0.5Al,AM,0,0,1,0.5,2,1,1,0,0,0.5,0,0,16.67,8.33,33.33,16.67,16.67,0,0,8.33,0,0,3,bcc_A2+bcc_B2,0,25,0.001,0,6.07,1410,0,1863,0,15.1,0,232.29,460,0
Dongxu Qiao,2021,The mechanical and oxidation properties of novel B2-ordered Ti2ZrHf0.5VNb0.5Alx refractory high-entropy alloys,Ti2ZrHf0.5VNb0.5,AM,0,0,0,0.5,2,1,1,0,0,0.5,0,0,0,10,40,20,20,0,0,10,0,0,1,bcc_A2,0,25,0.001,0,6.68,915,0,0,0,50,0,136.98,309.8,0
Dongxu Qiao,2021,The mechanical and oxidation properties of novel B2-ordered Ti2ZrHf0.5VNb0.5Alx refractory high-entropy alloys,Ti2ZrHf0.5VNb0.5Al0.25,AM,0,0,0.25,0.5,2,1,1,0,0,0.5,0,0,4.76,9.52,38.1,19.05,19.05,0,0,9.52,0,0,1,bcc_A2,0,25,0.001,0,6.51,1040,0,0,0,50,0,159.75,337.4,0
Dongxu Qiao,2021,The mechanical and oxidation properties of novel B2-ordered Ti2ZrHf0.5VNb0.5Alx refractory high-entropy alloys,Ti2ZrHf0.5VNb0.5Al0.5,AM,0,0,0.5,0.5,2,1,1,0,0,0.5,0,0,9.09,9.09,36.36,18.18,18.18,0,0,9.09,0,0,1,bcc_A2,0,25,0.001,0,6.35,1159,0,0,0,50,0,182.52,375.7,0
Dingcong Cui,2024,Uniting superior mechanical properties with oxidation resistance in a refractory high-entropy alloy via Cr and Al alloying,Ti41V27Hf16Nb16,AM,0,0,0,16,41,27,0,0,0,16,0,0,0,16,41,27,0,0,0,16,0,0,1,bcc_A2,0,25,0.001,1,7.32,953,23,1000,0,25.2,0.2,130.1060998,0,0
Dingcong Cui,2024,Uniting superior mechanical properties with oxidation resistance in a refractory high-entropy alloy via Cr and Al alloying,Ti41V27Hf11.5Nb11.5Cr3Al6,AM,0,0,6,11.5,41,27,0,0,0,11.5,0,0,6.19,11.86,42.27,27.84,0,0,0,11.86,0,0,1,bcc_A2,0,25,0.001,1,6.63,1178,11,1200,0,19.5,1.4,177.8090721,0,0
